customer_id,recency,frequency,monetary,r_score,f_score,m_score,r_high,f_high,m_high,segment_rfm
XX-10000,88,15,4257.2,3,4,3,False,True,False,一般保持客户
XX-10001,85,10,1829.71,3,1,1,False,False,False,一般挽留客户
XX-10002,4,8,824.89,5,1,1,True,False,False,一般发展客户
XX-10003,150,20,13613.24,2,5,5,False,True,True,重要保持客户
XX-10004,48,12,4378.91,4,3,3,True,True,False,一般价值客户
XX-10005,71,15,13092.27,3,4,5,False,True,True,重要保持客户
XX-10006,201,12,1899.3799999999999,1,3,1,False,True,False,一般保持客户
XX-10007,56,15,6253.19,3,4,4,False,True,True,重要保持客户
XX-10008,94,13,1541.8,2,3,1,False,True,False,一般保持客户
XX-10009,65,14,8090.81,3,4,5,False,True,True,重要保持客户
XX-10010,76,15,13040.4,3,4,5,False,True,True,重要保持客户
XX-10011,83,15,5638.33,3,4,4,False,True,True,重要保持客户
XX-10012,160,17,12876.25,2,5,5,False,True,True,重要保持客户
XX-10013,453,9,3134.5,1,1,2,False,False,False,一般挽留客户
XX-10014,150,12,5633.36,2,3,4,False,True,True,重要保持客户
XX-10015,101,12,2006.4599999999998,2,3,1,False,True,False,一般保持客户
XX-10016,454,6,1269.41,1,1,1,False,False,False,一般挽留客户
XX-10017,10,17,13481.82,5,5,5,True,True,True,重要价值客户
XX-10018,133,14,4540.13,2,4,3,False,True,False,一般保持客户
XX-10019,388,14,17171.05,1,4,5,False,True,True,重要保持客户
XX-10020,66,11,11468.939999999999,3,2,5,False,False,True,重要挽留客户
XX-10021,27,11,5075.26,4,2,3,True,False,False,一般发展客户
XX-10022,16,16,2971.53,5,5,2,True,True,False,一般价值客户
XX-10023,67,12,4016.45,3,3,3,False,True,False,一般保持客户
XX-10024,180,11,468.69,1,2,1,False,False,False,一般挽留客户
XX-10025,43,15,12703.84,4,4,5,True,True,True,重要价值客户
XX-10026,210,7,4748.03,1,1,3,False,False,False,一般挽留客户
XX-10027,14,9,6449.08,5,1,4,True,False,True,重要发展客户
XX-10028,69,19,5497.85,3,5,4,False,True,True,重要保持客户
XX-10029,133,11,2195.29,2,2,1,False,False,False,一般挽留客户
XX-10030,131,16,15101.7,2,5,5,False,True,True,重要保持客户
XX-10031,9,15,6238.66,5,4,4,True,True,True,重要价值客户
XX-10032,106,18,6723.47,2,5,4,False,True,True,重要保持客户
XX-10033,36,12,3662.92,4,3,3,True,True,False,一般价值客户
XX-10034,431,7,1080.35,1,1,1,False,False,False,一般挽留客户
XX-10035,35,13,4057.43,4,3,3,True,True,False,一般价值客户
XX-10036,40,17,6440.86,4,5,4,True,True,True,重要价值客户
XX-10037,97,13,4339.38,2,3,3,False,True,False,一般保持客户
XX-10038,133,16,3593.7799999999997,2,5,2,False,True,False,一般保持客户
XX-10039,8,7,3078.83,5,1,2,True,False,False,一般发展客户
XX-10040,32,5,2003.1499999999999,4,1,1,True,False,False,一般发展客户
XX-10041,11,7,2468.4,5,1,2,True,False,False,一般发展客户
XX-10042,115,8,1966.05,2,1,1,False,False,False,一般挽留客户
XX-10043,480,8,2317.47,1,1,2,False,False,False,一般挽留客户
XX-10044,223,10,4415.87,1,1,3,False,False,False,一般挽留客户
XX-10045,13,21,4415.02,5,5,3,True,True,False,一般价值客户
XX-10046,4,9,2939.7000000000003,5,1,2,True,False,False,一般发展客户
XX-10047,10,14,9000.08,5,4,5,True,True,True,重要价值客户
XX-10048,5,14,3641.1,5,4,3,True,True,False,一般价值客户
XX-10049,65,13,4486.61,3,3,3,False,True,False,一般保持客户
XX-10050,54,11,10234.14,4,2,5,True,False,True,重要发展客户
XX-10051,15,12,7677.12,5,3,5,True,True,True,重要价值客户
XX-10052,220,9,1767.3000000000002,1,1,1,False,False,False,一般挽留客户
XX-10053,35,22,10779.32,4,5,5,True,True,True,重要价值客户
XX-10054,14,14,7405.17,5,4,4,True,True,True,重要价值客户
XX-10055,95,12,4177.38,2,3,3,False,True,False,一般保持客户
XX-10056,161,9,5737.35,2,1,4,False,False,True,重要挽留客户
XX-10057,3,15,2038.8899999999999,5,4,1,True,True,False,一般价值客户
XX-10058,81,13,2003.9699999999998,3,3,1,False,True,False,一般保持客户
XX-10059,15,10,1733.23,5,1,1,True,False,False,一般发展客户
XX-10060,233,18,5181.16,1,5,3,False,True,False,一般保持客户
XX-10061,59,12,4582.620000000001,3,3,3,False,True,False,一般保持客户
XX-10062,276,11,2635.07,1,2,2,False,False,False,一般挽留客户
XX-10063,82,10,4795.15,3,1,3,False,False,False,一般挽留客户
XX-10064,30,9,4543.64,4,1,3,True,False,False,一般发展客户
XX-10065,11,16,9017.37,5,5,5,True,True,True,重要价值客户
XX-10066,260,10,1997.22,1,1,1,False,False,False,一般挽留客户
XX-10067,132,14,8772.78,2,4,5,False,True,True,重要保持客户
XX-10068,37,6,1149.23,4,1,1,True,False,False,一般发展客户
XX-10069,7,15,3765.66,5,4,3,True,True,False,一般价值客户
XX-10070,152,12,4238.09,2,3,3,False,True,False,一般保持客户
XX-10071,82,13,6699.17,3,3,4,False,True,True,重要保持客户
XX-10072,98,12,2961.11,2,3,2,False,True,False,一般保持客户
XX-10073,111,17,8135.51,2,5,5,False,True,True,重要保持客户
XX-10074,58,14,2061.62,3,4,1,False,True,False,一般保持客户
XX-10075,43,7,597.0699999999999,4,1,1,True,False,False,一般发展客户
XX-10076,21,14,4816.9,5,4,3,True,True,False,一般价值客户
XX-10077,126,14,1947.1899999999998,2,4,1,False,True,False,一般保持客户
XX-10078,54,9,499.37999999999994,4,1,1,True,False,False,一般发展客户
XX-10079,53,8,4507.85,4,1,3,True,False,False,一般发展客户
XX-10080,98,10,2679.4500000000003,2,1,2,False,False,False,一般挽留客户
XX-10081,30,25,5223.85,4,5,3,True,True,False,一般价值客户
XX-10082,50,13,2026.24,4,3,1,True,True,False,一般价值客户
XX-10083,16,17,6839.47,5,5,4,True,True,True,重要价值客户
XX-10084,108,13,8540.77,2,3,5,False,True,True,重要保持客户
XX-10085,32,20,4128.139999999999,4,5,3,True,True,False,一般价值客户
XX-10086,342,9,16272.26,1,1,5,False,False,True,重要挽留客户
XX-10087,96,11,2881.96,2,2,2,False,False,False,一般挽留客户
XX-10088,34,9,5809.08,4,1,4,True,False,True,重要发展客户
XX-10089,9,13,7922.660000000001,5,3,5,True,True,True,重要价值客户
XX-10090,197,10,3911.37,1,1,3,False,False,False,一般挽留客户
XX-10091,442,9,3481.13,1,1,2,False,False,False,一般挽留客户
XX-10092,35,11,8831.28,4,2,5,True,False,True,重要发展客户
XX-10093,196,13,2885.7799999999997,1,3,2,False,True,False,一般保持客户
XX-10094,67,13,3233.07,3,3,2,False,True,False,一般保持客户
XX-10095,2,19,4386.2699999999995,5,5,3,True,True,False,一般价值客户
XX-10096,67,10,4142.45,3,1,3,False,False,False,一般挽留客户
XX-10097,234,12,3631.8999999999996,1,3,3,False,True,False,一般保持客户
XX-10098,107,7,2046.43,2,1,1,False,False,False,一般挽留客户
XX-10099,177,14,9126.1,1,4,5,False,True,True,重要保持客户
XX-10100,116,16,3938.13,2,5,3,False,True,False,一般保持客户
XX-10101,79,5,198.73,3,1,1,False,False,False,一般挽留客户
XX-10102,6,15,5941.780000000001,5,4,4,True,True,True,重要价值客户
XX-10103,116,5,1665.7,2,1,1,False,False,False,一般挽留客户
XX-10104,43,16,5469.17,4,5,4,True,True,True,重要价值客户
XX-10105,96,14,5857.22,2,4,4,False,True,True,重要保持客户
XX-10106,14,14,8330.51,5,4,5,True,True,True,重要价值客户
XX-10107,257,16,9578.92,1,5,5,False,True,True,重要保持客户
XX-10108,64,13,1680.53,3,3,1,False,True,False,一般保持客户
XX-10109,102,16,7137.3099999999995,2,5,4,False,True,True,重要保持客户
XX-10110,29,15,6379.62,4,4,4,True,True,True,重要价值客户
XX-10111,7,19,5267.08,5,5,4,True,True,True,重要价值客户
XX-10112,10,12,4585.29,5,3,3,True,True,False,一般价值客户
XX-10113,37,15,2308.76,4,4,2,True,True,False,一般价值客户
XX-10114,195,11,12290.57,1,2,5,False,False,True,重要挽留客户
XX-10115,71,10,3894.35,3,1,3,False,False,False,一般挽留客户
XX-10116,44,14,7907.9800000000005,4,4,5,True,True,True,重要价值客户
XX-10117,29,12,3122.48,4,3,2,True,True,False,一般价值客户
XX-10118,25,11,2560.54,5,2,2,True,False,False,一般发展客户
XX-10119,519,10,1911.1,1,1,1,False,False,False,一般挽留客户
XX-10120,92,14,3884.81,3,4,3,False,True,False,一般保持客户
XX-10121,180,13,4601.74,1,3,3,False,True,False,一般保持客户
XX-10122,57,17,2002.96,3,5,1,False,True,False,一般保持客户
XX-10123,283,9,3688.4100000000003,1,1,3,False,False,False,一般挽留客户
XX-10124,27,14,3681.6400000000003,4,4,3,True,True,False,一般价值客户
XX-10125,120,17,7257.03,2,5,4,False,True,True,重要保持客户
XX-10126,6,17,3999.42,5,5,3,True,True,False,一般价值客户
XX-10127,6,20,6999.29,5,5,4,True,True,True,重要价值客户
XX-10128,4,13,2159.35,5,3,1,True,True,False,一般价值客户
XX-10129,353,10,1340.99,1,1,1,False,False,False,一般挽留客户
XX-10130,363,9,2383.98,1,1,2,False,False,False,一般挽留客户
XX-10131,82,12,14256.96,3,3,5,False,True,True,重要保持客户
XX-10132,174,8,9892.78,1,1,5,False,False,True,重要挽留客户
XX-10133,384,11,3293.35,1,2,2,False,False,False,一般挽留客户
XX-10134,161,9,2576.76,2,1,2,False,False,False,一般挽留客户
XX-10135,539,11,1113.88,1,2,1,False,False,False,一般挽留客户
XX-10136,7,15,3535.55,5,4,2,True,True,False,一般价值客户
XX-10137,135,14,7980.76,2,4,5,False,True,True,重要保持客户
XX-10138,27,15,6011.59,4,4,4,True,True,True,重要价值客户
XX-10139,154,10,1710.15,2,1,1,False,False,False,一般挽留客户
XX-10140,57,14,6864.6,3,4,4,False,True,True,重要保持客户
XX-10141,26,10,4575.18,4,1,3,True,False,False,一般发展客户
XX-10142,229,10,1514.85,1,1,1,False,False,False,一般挽留客户
XX-10143,44,15,5671.73,4,4,4,True,True,True,重要价值客户
XX-10144,93,12,5475.39,3,3,4,False,True,True,重要保持客户
XX-10145,41,10,4321.73,4,1,3,True,False,False,一般发展客户
XX-10146,40,14,7582.82,4,4,5,True,True,True,重要价值客户
XX-10147,215,9,2119.19,1,1,1,False,False,False,一般挽留客户
XX-10148,8,14,4054.1499999999996,5,4,3,True,True,False,一般价值客户
XX-10149,84,15,3618.92,3,4,3,False,True,False,一般保持客户
XX-10150,124,11,3089.29,2,2,2,False,False,False,一般挽留客户
XX-10151,59,7,3351.35,3,1,2,False,False,False,一般挽留客户
XX-10152,248,11,2973.07,1,2,2,False,False,False,一般挽留客户
XX-10153,294,11,10190.65,1,2,5,False,False,True,重要挽留客户
XX-10154,95,13,1656.77,2,3,1,False,True,False,一般保持客户
XX-10155,36,14,4796.98,4,4,3,True,True,False,一般价值客户
XX-10156,12,24,11709.0,5,5,5,True,True,True,重要价值客户
XX-10157,53,12,5194.28,4,3,3,True,True,False,一般价值客户
XX-10158,401,6,3738.15,1,1,3,False,False,False,一般挽留客户
XX-10159,48,17,5361.12,4,5,4,True,True,True,重要价值客户
XX-10160,88,15,4496.0,3,4,3,False,True,False,一般保持客户
XX-10161,81,18,10062.5,3,5,5,False,True,True,重要保持客户
XX-10162,1,16,10794.04,5,5,5,True,True,True,重要价值客户
XX-10163,191,12,5542.66,1,3,4,False,True,True,重要保持客户
XX-10164,46,14,3118.7000000000003,4,4,2,True,True,False,一般价值客户
XX-10165,31,20,5794.3,4,5,4,True,True,True,重要价值客户
XX-10166,154,15,14220.74,2,4,5,False,True,True,重要保持客户
XX-10167,93,10,1616.57,3,1,1,False,False,False,一般挽留客户
XX-10168,102,12,4381.08,2,3,3,False,True,False,一般保持客户
XX-10169,120,18,7771.04,2,5,5,False,True,True,重要保持客户
XX-10170,65,15,3827.08,3,4,3,False,True,False,一般保持客户
XX-10171,28,17,5236.99,4,5,4,True,True,True,重要价值客户
XX-10172,144,12,3987.96,2,3,3,False,True,False,一般保持客户
XX-10173,25,9,2740.14,5,1,2,True,False,False,一般发展客户
XX-10174,60,15,3606.06,3,4,2,False,True,False,一般保持客户
XX-10175,77,10,6911.49,3,1,4,False,False,True,重要挽留客户
XX-10176,11,13,6638.82,5,3,4,True,True,True,重要价值客户
XX-10177,193,9,12038.07,1,1,5,False,False,True,重要挽留客户
XX-10178,71,15,14267.609999999999,3,4,5,False,True,True,重要保持客户
XX-10179,1,13,7361.09,5,3,4,True,True,True,重要价值客户
XX-10180,52,18,5763.18,4,5,4,True,True,True,重要价值客户
XX-10181,180,9,7994.13,1,1,5,False,False,True,重要挽留客户
XX-10182,25,10,1452.46,5,1,1,True,False,False,一般发展客户
XX-10183,123,11,2412.62,2,2,2,False,False,False,一般挽留客户
XX-10184,28,14,3933.76,4,4,3,True,True,False,一般价值客户
XX-10185,225,11,8969.59,1,2,5,False,False,True,重要挽留客户
XX-10186,214,15,5397.4400000000005,1,4,4,False,True,True,重要保持客户
XX-10187,161,9,1003.7400000000001,2,1,1,False,False,False,一般挽留客户
XX-10188,51,10,4812.21,4,1,3,True,False,False,一般发展客户
XX-10189,64,15,6087.3,3,4,4,False,True,True,重要保持客户
XX-10190,207,7,484.03000000000003,1,1,1,False,False,False,一般挽留客户
XX-10191,53,10,863.5,4,1,1,True,False,False,一般发展客户
XX-10192,93,11,2690.9,3,2,2,False,False,False,一般挽留客户
XX-10193,8,13,3092.67,5,3,2,True,True,False,一般价值客户
XX-10194,148,9,563.08,2,1,1,False,False,False,一般挽留客户
XX-10195,6,17,10683.36,5,5,5,True,True,True,重要价值客户
XX-10196,18,20,5668.62,5,5,4,True,True,True,重要价值客户
XX-10197,44,15,4346.77,4,4,3,True,True,False,一般价值客户
XX-10198,134,10,5928.51,2,1,4,False,False,True,重要挽留客户
XX-10199,20,12,1744.0,5,3,1,True,True,False,一般价值客户
XX-10200,20,22,17393.55,5,5,5,True,True,True,重要价值客户
XX-10201,26,14,2273.1400000000003,4,4,2,True,True,False,一般价值客户
XX-10202,27,13,3016.98,4,3,2,True,True,False,一般价值客户
XX-10203,32,15,3822.5699999999997,4,4,3,True,True,False,一般价值客户
XX-10204,135,22,11589.15,2,5,5,False,True,True,重要保持客户
XX-10205,179,12,3714.92,1,3,3,False,True,False,一般保持客户
XX-10206,64,12,2639.09,3,3,2,False,True,False,一般保持客户
XX-10207,140,14,6583.39,2,4,4,False,True,True,重要保持客户
XX-10208,13,17,6780.26,5,5,4,True,True,True,重要价值客户
XX-10209,61,21,6089.32,3,5,4,False,True,True,重要保持客户
XX-10210,48,12,4423.98,4,3,3,True,True,False,一般价值客户
XX-10211,475,13,4671.42,1,3,3,False,True,False,一般保持客户
XX-10212,59,11,3218.57,3,2,2,False,False,False,一般挽留客户
XX-10213,221,12,1354.79,1,3,1,False,True,False,一般保持客户
XX-10214,134,8,5799.49,2,1,4,False,False,True,重要挽留客户
XX-10215,11,13,2753.25,5,3,2,True,True,False,一般价值客户
XX-10216,199,9,2519.36,1,1,2,False,False,False,一般挽留客户
XX-10217,7,12,7602.849999999999,5,3,5,True,True,True,重要价值客户
XX-10218,347,8,193.39999999999998,1,1,1,False,False,False,一般挽留客户
XX-10219,101,10,3992.8900000000003,2,1,3,False,False,False,一般挽留客户
XX-10220,135,17,4738.4,2,5,3,False,True,False,一般保持客户
XX-10221,57,8,532.66,3,1,1,False,False,False,一般挽留客户
XX-10222,59,14,5862.28,3,4,4,False,True,True,重要保持客户
XX-10223,22,15,2946.36,5,4,2,True,True,False,一般价值客户
XX-10224,26,12,3772.65,4,3,3,True,True,False,一般价值客户
XX-10225,2,17,2792.8,5,5,2,True,True,False,一般价值客户
XX-10226,1012,4,320.33,1,1,1,False,False,False,一般挽留客户
XX-10227,49,17,6452.97,4,5,4,True,True,True,重要价值客户
XX-10228,19,12,9474.74,5,3,5,True,True,True,重要价值客户
XX-10229,269,8,6376.84,1,1,4,False,False,True,重要挽留客户
XX-10230,286,10,3061.33,1,1,2,False,False,False,一般挽留客户
XX-10231,75,11,3335.22,3,2,2,False,False,False,一般挽留客户
XX-10232,138,11,3989.59,2,2,3,False,False,False,一般挽留客户
XX-10233,84,14,4918.59,3,4,3,False,True,False,一般保持客户
XX-10234,117,13,11891.7,2,3,5,False,True,True,重要保持客户
XX-10235,176,15,1903.48,1,4,1,False,True,False,一般保持客户
XX-10236,55,18,8041.790000000001,3,5,5,False,True,True,重要保持客户
XX-10237,114,14,11672.45,2,4,5,False,True,True,重要保持客户
XX-10238,80,13,5983.02,3,3,4,False,True,True,重要保持客户
XX-10239,27,9,1584.47,4,1,1,True,False,False,一般发展客户
XX-10240,27,10,6390.48,4,1,4,True,False,True,重要发展客户
XX-10241,11,12,9791.82,5,3,5,True,True,True,重要价值客户
XX-10242,17,19,9980.42,5,5,5,True,True,True,重要价值客户
XX-10243,22,9,4006.34,5,1,3,True,False,False,一般发展客户
XX-10244,158,9,3808.46,2,1,3,False,False,False,一般挽留客户
XX-10245,25,12,2616.7400000000002,5,3,2,True,True,False,一般价值客户
XX-10246,150,10,9690.39,2,1,5,False,False,True,重要挽留客户
XX-10247,29,9,1680.7,4,1,1,True,False,False,一般发展客户
XX-10248,32,23,10168.980000000001,4,5,5,True,True,True,重要价值客户
XX-10249,112,13,1409.27,2,3,1,False,True,False,一般保持客户
XX-10250,337,4,215.18,1,1,1,False,False,False,一般挽留客户
XX-10251,150,11,6956.79,2,2,4,False,False,True,重要挽留客户
XX-10252,9,11,3164.72,5,2,2,True,False,False,一般发展客户
XX-10253,4,10,2148.11,5,1,1,True,False,False,一般发展客户
XX-10254,581,2,130.10000000000002,1,1,1,False,False,False,一般挽留客户
XX-10255,7,12,4940.47,5,3,3,True,True,False,一般价值客户
XX-10256,54,13,3686.86,4,3,3,True,True,False,一般价值客户
XX-10257,88,14,3289.62,3,4,2,False,True,False,一般保持客户
XX-10258,111,11,13602.58,2,2,5,False,False,True,重要挽留客户
XX-10259,26,6,3047.0299999999997,4,1,2,True,False,False,一般发展客户
XX-10260,257,11,3622.63,1,2,3,False,False,False,一般挽留客户
XX-10261,249,10,3737.67,1,1,3,False,False,False,一般挽留客户
XX-10262,76,13,14455.730000000001,3,3,5,False,True,True,重要保持客户
XX-10263,65,18,6556.45,3,5,4,False,True,True,重要保持客户
XX-10264,14,10,5874.42,5,1,4,True,False,True,重要发展客户
XX-10265,45,18,4260.3,4,5,3,True,True,False,一般价值客户
XX-10266,225,8,711.3,1,1,1,False,False,False,一般挽留客户
XX-10267,72,10,2035.3899999999999,3,1,1,False,False,False,一般挽留客户
XX-10268,162,16,2041.8700000000001,1,5,1,False,True,False,一般保持客户
XX-10269,64,17,7295.5599999999995,3,5,4,False,True,True,重要保持客户
XX-10270,102,12,2166.77,2,3,1,False,True,False,一般保持客户
XX-10271,93,12,1274.01,3,3,1,False,True,False,一般保持客户
XX-10272,186,9,4188.83,1,1,3,False,False,False,一般挽留客户
XX-10273,27,16,2920.64,4,5,2,True,True,False,一般价值客户
XX-10274,188,13,2117.75,1,3,1,False,True,False,一般保持客户
XX-10275,163,9,2097.67,1,1,1,False,False,False,一般挽留客户
XX-10276,21,16,20380.84,5,5,5,True,True,True,重要价值客户
XX-10277,162,10,3830.39,1,1,3,False,False,False,一般挽留客户
XX-10278,167,15,2517.34,1,4,2,False,True,False,一般保持客户
XX-10279,17,16,5636.9,5,5,4,True,True,True,重要价值客户
XX-10280,127,7,5478.36,2,1,4,False,False,True,重要挽留客户
XX-10281,132,13,20396.41,2,3,5,False,True,True,重要保持客户
XX-10282,87,15,5927.7,3,4,4,False,True,True,重要保持客户
XX-10283,18,17,6987.83,5,5,4,True,True,True,重要价值客户
XX-10284,12,20,4229.5,5,5,3,True,True,False,一般价值客户
XX-10285,81,11,2774.15,3,2,2,False,False,False,一般挽留客户
XX-10286,26,17,10416.26,4,5,5,True,True,True,重要价值客户
XX-10287,18,18,17827.93,5,5,5,True,True,True,重要价值客户
XX-10288,30,13,3636.84,4,3,3,True,True,False,一般价值客户
XX-10289,59,17,6594.13,3,5,4,False,True,True,重要保持客户
XX-10290,261,7,1572.78,1,1,1,False,False,False,一般挽留客户
XX-10291,79,12,2152.7999999999997,3,3,1,False,True,False,一般保持客户
XX-10292,119,13,5172.95,2,3,3,False,True,False,一般保持客户
XX-10293,573,7,3348.2,1,1,2,False,False,False,一般挽留客户
XX-10294,154,12,9017.28,2,3,5,False,True,True,重要保持客户
XX-10295,85,16,7082.1,3,5,4,False,True,True,重要保持客户
XX-10296,99,13,2591.27,2,3,2,False,True,False,一般保持客户
XX-10297,35,16,8839.0,4,5,5,True,True,True,重要价值客户
XX-10298,82,10,7497.97,3,1,5,False,False,True,重要挽留客户
XX-10299,4,9,9788.61,5,1,5,True,False,True,重要发展客户
XX-10300,71,9,8477.67,3,1,5,False,False,True,重要挽留客户
XX-10301,32,10,3117.58,4,1,2,True,False,False,一般发展客户
XX-10302,51,16,3532.74,4,5,2,True,True,False,一般价值客户
XX-10303,71,13,6538.679999999999,3,3,4,False,True,True,重要保持客户
XX-10304,32,13,10262.37,4,3,5,True,True,True,重要价值客户
XX-10305,70,16,8288.52,3,5,5,False,True,True,重要保持客户
XX-10306,176,7,7696.150000000001,1,1,5,False,False,True,重要挽留客户
XX-10307,55,11,5910.710000000001,3,2,4,False,False,True,重要挽留客户
XX-10308,56,9,2181.84,3,1,1,False,False,False,一般挽留客户
XX-10309,92,10,1838.6100000000001,3,1,1,False,False,False,一般挽留客户
XX-10310,51,16,8167.16,4,5,5,True,True,True,重要价值客户
XX-10311,68,14,6802.99,3,4,4,False,True,True,重要保持客户
XX-10312,25,17,15509.37,5,5,5,True,True,True,重要价值客户
XX-10313,114,13,2897.34,2,3,2,False,True,False,一般保持客户
XX-10314,22,16,2634.04,5,5,2,True,True,False,一般价值客户
XX-10315,52,13,2581.35,4,3,2,True,True,False,一般价值客户
XX-10316,49,17,7192.93,4,5,4,True,True,True,重要价值客户
XX-10317,47,12,10714.29,4,3,5,True,True,True,重要价值客户
XX-10318,130,14,6121.610000000001,2,4,4,False,True,True,重要保持客户
XX-10319,97,9,397.62,2,1,1,False,False,False,一般挽留客户
XX-10320,64,9,2373.0099999999998,3,1,2,False,False,False,一般挽留客户
XX-10321,93,12,1699.66,3,3,1,False,True,False,一般保持客户
XX-10322,98,9,1564.7499999999998,2,1,1,False,False,False,一般挽留客户
XX-10323,203,8,2465.23,1,1,2,False,False,False,一般挽留客户
XX-10324,24,9,1478.57,5,1,1,True,False,False,一般发展客户
XX-10325,66,15,9885.369999999999,3,4,5,False,True,True,重要保持客户
XX-10326,48,17,4560.96,4,5,3,True,True,False,一般价值客户
XX-10327,72,6,1200.64,3,1,1,False,False,False,一般挽留客户
XX-10328,11,14,3174.0499999999997,5,4,2,True,True,False,一般价值客户
XX-10329,239,13,8021.62,1,3,5,False,True,True,重要保持客户
XX-10330,270,9,3449.99,1,1,2,False,False,False,一般挽留客户
XX-10331,130,11,4288.96,2,2,3,False,False,False,一般挽留客户
XX-10332,49,17,17775.94,4,5,5,True,True,True,重要价值客户
XX-10333,60,11,2305.85,3,2,2,False,False,False,一般挽留客户
XX-10334,231,12,2265.1,1,3,2,False,True,False,一般保持客户
XX-10335,84,12,4481.67,3,3,3,False,True,False,一般保持客户
XX-10336,30,13,8019.290000000001,4,3,5,True,True,True,重要价值客户
XX-10337,172,8,6792.9800000000005,1,1,4,False,False,True,重要挽留客户
XX-10338,171,6,4440.43,1,1,3,False,False,False,一般挽留客户
XX-10339,396,15,5371.900000000001,1,4,4,False,True,True,重要保持客户
XX-10340,19,18,4164.87,5,5,3,True,True,False,一般价值客户
XX-10341,45,15,4310.94,4,4,3,True,True,False,一般价值客户
XX-10342,10,7,2854.8500000000004,5,1,2,True,False,False,一般发展客户
XX-10343,69,17,10277.29,3,5,5,False,True,True,重要保持客户
XX-10344,144,10,3040.54,2,1,2,False,False,False,一般挽留客户
XX-10345,63,21,8490.44,3,5,5,False,True,True,重要保持客户
XX-10346,1,19,6651.839999999999,5,5,4,True,True,True,重要价值客户
XX-10347,36,21,6500.07,4,5,4,True,True,True,重要价值客户
XX-10348,104,9,3129.76,2,1,2,False,False,False,一般挽留客户
XX-10349,77,14,7945.02,3,4,5,False,True,True,重要保持客户
XX-10350,153,11,6418.889999999999,2,2,4,False,False,True,重要挽留客户
XX-10351,85,11,663.23,3,2,1,False,False,False,一般挽留客户
XX-10352,85,18,3256.2599999999998,3,5,2,False,True,False,一般保持客户
XX-10353,167,14,10966.93,1,4,5,False,True,True,重要保持客户
XX-10354,17,15,6787.4,5,4,4,True,True,True,重要价值客户
XX-10355,32,7,1526.82,4,1,1,True,False,False,一般发展客户
XX-10356,264,6,4703.29,1,1,3,False,False,False,一般挽留客户
XX-10357,46,10,9412.470000000001,4,1,5,True,False,True,重要发展客户
XX-10358,1,11,2464.77,5,2,2,True,False,False,一般发展客户
XX-10359,214,13,1698.12,1,3,1,False,True,False,一般保持客户
XX-10360,27,17,2805.13,4,5,2,True,True,False,一般价值客户
XX-10361,21,14,10599.91,5,4,5,True,True,True,重要价值客户
XX-10362,20,14,2584.8,5,4,2,True,True,False,一般价值客户
XX-10363,60,17,5963.099999999999,3,5,4,False,True,True,重要保持客户
XX-10364,150,18,9728.79,2,5,5,False,True,True,重要保持客户
XX-10365,28,16,8413.75,4,5,5,True,True,True,重要价值客户
XX-10366,24,15,12745.77,5,4,5,True,True,True,重要价值客户
XX-10367,1,10,1016.99,5,1,1,True,False,False,一般发展客户
XX-10368,61,11,7343.98,3,2,4,False,False,True,重要挽留客户
XX-10369,158,12,6045.34,2,3,4,False,True,True,重要保持客户
XX-10370,257,10,3017.3599999999997,1,1,2,False,False,False,一般挽留客户
XX-10371,533,8,1675.35,1,1,1,False,False,False,一般挽留客户
XX-10372,22,11,5702.27,5,2,4,True,False,True,重要发展客户
XX-10373,117,18,10575.02,2,5,5,False,True,True,重要保持客户
XX-10374,14,13,6178.91,5,3,4,True,True,True,重要价值客户
XX-10375,127,12,7959.73,2,3,5,False,True,True,重要保持客户
XX-10376,153,13,3448.82,2,3,2,False,True,False,一般保持客户
XX-10377,40,14,14118.82,4,4,5,True,True,True,重要价值客户
XX-10378,22,13,9429.74,5,3,5,True,True,True,重要价值客户
XX-10379,74,12,1685.04,3,3,1,False,True,False,一般保持客户
XX-10380,205,9,1286.19,1,1,1,False,False,False,一般挽留客户
XX-10381,115,19,16996.239999999998,2,5,5,False,True,True,重要保持客户
XX-10382,135,16,4462.79,2,5,3,False,True,False,一般保持客户
XX-10383,46,13,3061.14,4,3,2,True,True,False,一般价值客户
XX-10384,100,8,3409.5,2,1,2,False,False,False,一般挽留客户
XX-10385,49,8,524.16,4,1,1,True,False,False,一般发展客户
XX-10386,11,9,2660.51,5,1,2,True,False,False,一般发展客户
XX-10387,77,14,5735.38,3,4,4,False,True,True,重要保持客户
XX-10388,13,16,6799.41,5,5,4,True,True,True,重要价值客户
XX-10389,50,12,4141.38,4,3,3,True,True,False,一般价值客户
XX-10390,38,14,3967.49,4,4,3,True,True,False,一般价值客户
XX-10391,9,11,2751.62,5,2,2,True,False,False,一般发展客户
XX-10392,138,13,2716.71,2,3,2,False,True,False,一般保持客户
XX-10393,7,10,4652.84,5,1,3,True,False,False,一般发展客户
XX-10394,4,10,5442.55,5,1,4,True,False,True,重要发展客户
XX-10395,388,6,4991.5,1,1,3,False,False,False,一般挽留客户
XX-10396,950,3,668.57,1,1,1,False,False,False,一般挽留客户
XX-10397,15,13,4317.89,5,3,3,True,True,False,一般价值客户
XX-10398,1,13,5575.96,5,3,4,True,True,True,重要价值客户
XX-10399,505,6,4570.7,1,1,3,False,False,False,一般挽留客户
XX-10400,73,9,4700.37,3,1,3,False,False,False,一般挽留客户
XX-10401,153,18,2377.86,2,5,2,False,True,False,一般保持客户
XX-10402,38,11,1375.72,4,2,1,True,False,False,一般发展客户
XX-10403,36,10,1532.41,4,1,1,True,False,False,一般发展客户
XX-10404,11,15,2481.68,5,4,2,True,True,False,一般价值客户
XX-10405,50,13,7150.48,4,3,4,True,True,True,重要价值客户
XX-10406,230,10,4671.85,1,1,3,False,False,False,一般挽留客户
XX-10407,148,17,11887.41,2,5,5,False,True,True,重要保持客户
XX-10408,54,12,3390.06,4,3,2,True,True,False,一般价值客户
XX-10409,82,10,10420.4,3,1,5,False,False,True,重要挽留客户
XX-10410,72,14,6206.83,3,4,4,False,True,True,重要保持客户
XX-10411,30,12,12191.97,4,3,5,True,True,True,重要价值客户
XX-10412,14,16,1605.25,5,5,1,True,True,False,一般价值客户
XX-10413,20,12,1484.53,5,3,1,True,True,False,一般价值客户
XX-10414,19,16,6920.57,5,5,4,True,True,True,重要价值客户
XX-10415,33,12,1898.03,4,3,1,True,True,False,一般价值客户
XX-10416,84,16,9234.61,3,5,5,False,True,True,重要保持客户
XX-10417,201,15,9703.92,1,4,5,False,True,True,重要保持客户
XX-10418,14,8,6202.07,5,1,4,True,False,True,重要发展客户
XX-10419,61,7,941.19,3,1,1,False,False,False,一般挽留客户
XX-10420,52,15,8560.68,4,4,5,True,True,True,重要价值客户
XX-10421,281,16,5279.360000000001,1,5,4,False,True,True,重要保持客户
XX-10422,7,15,735.77,5,4,1,True,True,False,一般价值客户
XX-10423,78,7,1640.3700000000001,3,1,1,False,False,False,一般挽留客户
XX-10424,16,14,1387.22,5,4,1,True,True,False,一般价值客户
XX-10425,3,18,6113.13,5,5,4,True,True,True,重要价值客户
XX-10426,115,14,5878.0599999999995,2,4,4,False,True,True,重要保持客户
XX-10427,140,11,6734.06,2,2,4,False,False,True,重要挽留客户
XX-10428,99,15,4475.96,2,4,3,False,True,False,一般保持客户
XX-10429,162,11,5262.6900000000005,1,2,4,False,False,True,重要挽留客户
XX-10430,37,16,1951.95,4,5,1,True,True,False,一般价值客户
XX-10431,77,7,700.42,3,1,1,False,False,False,一般挽留客户
XX-10432,16,9,5428.2699999999995,5,1,4,True,False,True,重要发展客户
XX-10433,53,11,4821.78,4,2,3,True,False,False,一般发展客户
XX-10434,241,7,7276.3099999999995,1,1,4,False,False,True,重要挽留客户
XX-10435,181,12,8031.969999999999,1,3,5,False,True,True,重要保持客户
XX-10436,6,12,3805.37,5,3,3,True,True,False,一般价值客户
XX-10437,228,11,3232.06,1,2,2,False,False,False,一般挽留客户
XX-10438,31,10,2323.25,4,1,2,True,False,False,一般发展客户
XX-10439,339,8,3271.75,1,1,2,False,False,False,一般挽留客户
XX-10440,139,13,5579.610000000001,2,3,4,False,True,True,重要保持客户
XX-10441,31,9,1553.72,4,1,1,True,False,False,一般发展客户
XX-10442,84,16,7153.1,3,5,4,False,True,True,重要保持客户
XX-10443,13,6,1733.42,5,1,1,True,False,False,一般发展客户
XX-10444,5,13,4577.37,5,3,3,True,True,False,一般价值客户
XX-10445,238,11,1849.66,1,2,1,False,False,False,一般挽留客户
XX-10446,601,10,927.74,1,1,1,False,False,False,一般挽留客户
XX-10447,28,12,2272.4,4,3,2,True,True,False,一般价值客户
XX-10448,142,9,3615.91,2,1,3,False,False,False,一般挽留客户
XX-10449,204,6,432.24,1,1,1,False,False,False,一般挽留客户
XX-10450,65,9,5816.0,3,1,4,False,False,True,重要挽留客户
XX-10451,13,11,9761.98,5,2,5,True,False,True,重要发展客户
XX-10452,80,9,4751.349999999999,3,1,3,False,False,False,一般挽留客户
XX-10453,60,17,4461.63,3,5,3,False,True,False,一般保持客户
XX-10454,450,7,986.59,1,1,1,False,False,False,一般挽留客户
XX-10455,369,8,1663.96,1,1,1,False,False,False,一般挽留客户
XX-10456,98,13,3291.49,2,3,2,False,True,False,一般保持客户
XX-10457,392,9,1644.1499999999999,1,1,1,False,False,False,一般挽留客户
XX-10458,35,9,1174.5,4,1,1,True,False,False,一般发展客户
XX-10459,132,9,662.0799999999999,2,1,1,False,False,False,一般挽留客户
XX-10460,33,17,5223.98,4,5,4,True,True,True,重要价值客户
XX-10461,78,10,5736.59,3,1,4,False,False,True,重要挽留客户
XX-10462,52,14,6654.200000000001,4,4,4,True,True,True,重要价值客户
XX-10463,52,13,4968.2699999999995,4,3,3,True,True,False,一般价值客户
XX-10464,75,13,2357.25,3,3,2,False,True,False,一般保持客户
XX-10465,232,6,3253.3999999999996,1,1,2,False,False,False,一般挽留客户
XX-10466,109,14,3782.31,2,4,3,False,True,False,一般保持客户
XX-10467,6,23,24985.09,5,5,5,True,True,True,重要价值客户
XX-10468,170,8,3561.0600000000004,1,1,2,False,False,False,一般挽留客户
XX-10469,189,9,7469.5,1,1,4,False,False,True,重要挽留客户
XX-10470,124,11,6397.2,2,2,4,False,False,True,重要挽留客户
XX-10471,374,11,3813.6,1,2,3,False,False,False,一般挽留客户
XX-10472,56,20,7030.67,3,5,4,False,True,True,重要保持客户
XX-10473,8,10,5387.75,5,1,4,True,False,True,重要发展客户
XX-10474,27,16,14687.58,4,5,5,True,True,True,重要价值客户
XX-10475,25,20,10915.26,5,5,5,True,True,True,重要价值客户
XX-10476,108,21,6399.91,2,5,4,False,True,True,重要保持客户
XX-10477,58,11,3125.44,3,2,2,False,False,False,一般挽留客户
XX-10478,18,16,3467.54,5,5,2,True,True,False,一般价值客户
XX-10479,53,15,6445.35,4,4,4,True,True,True,重要价值客户
XX-10480,145,14,7229.72,2,4,4,False,True,True,重要保持客户
XX-10481,29,13,3048.42,4,3,2,True,True,False,一般价值客户
XX-10482,50,17,1830.54,4,5,1,True,True,False,一般价值客户
XX-10483,255,12,11738.24,1,3,5,False,True,True,重要保持客户
XX-10484,7,12,3150.35,5,3,2,True,True,False,一般价值客户
XX-10485,29,7,884.02,4,1,1,True,False,False,一般发展客户
XX-10486,15,9,3041.65,5,1,2,True,False,False,一般发展客户
XX-10487,79,14,3687.01,3,4,3,False,True,False,一般保持客户
XX-10488,295,14,6260.549999999999,1,4,4,False,True,True,重要保持客户
XX-10489,18,15,8812.83,5,4,5,True,True,True,重要价值客户
XX-10490,5,12,5764.62,5,3,4,True,True,True,重要价值客户
XX-10491,79,12,8112.96,3,3,5,False,True,True,重要保持客户
XX-10492,57,16,6659.03,3,5,4,False,True,True,重要保持客户
XX-10493,23,13,7293.849999999999,5,3,4,True,True,True,重要价值客户
XX-10494,30,17,8561.599999999999,4,5,5,True,True,True,重要价值客户
XX-10495,26,12,6242.719999999999,4,3,4,True,True,True,重要价值客户
XX-10496,49,14,2621.73,4,4,2,True,True,False,一般价值客户
XX-10497,20,11,1319.94,5,2,1,True,False,False,一般发展客户
XX-10498,69,12,1151.04,3,3,1,False,True,False,一般保持客户
XX-10499,189,8,4070.12,1,1,3,False,False,False,一般挽留客户
XX-10500,115,13,2133.19,2,3,1,False,True,False,一般保持客户
XX-10501,8,12,2894.34,5,3,2,True,True,False,一般价值客户
XX-10502,95,10,4579.21,2,1,3,False,False,False,一般挽留客户
XX-10503,17,16,9341.89,5,5,5,True,True,True,重要价值客户
XX-10504,144,10,1696.3,2,1,1,False,False,False,一般挽留客户
XX-10505,11,17,8243.04,5,5,5,True,True,True,重要价值客户
XX-10506,42,12,8201.45,4,3,5,True,True,True,重要价值客户
XX-10507,100,15,10933.28,2,4,5,False,True,True,重要保持客户
XX-10508,12,14,7162.55,5,4,4,True,True,True,重要价值客户
XX-10509,243,8,3761.77,1,1,3,False,False,False,一般挽留客户
XX-10510,52,13,4167.61,4,3,3,True,True,False,一般价值客户
XX-10511,182,18,7029.75,1,5,4,False,True,True,重要保持客户
XX-10512,137,12,7052.95,2,3,4,False,True,True,重要保持客户
XX-10513,33,10,11331.93,4,1,5,True,False,True,重要发展客户
XX-10514,66,15,1022.96,3,4,1,False,True,False,一般保持客户
XX-10515,99,10,4713.08,2,1,3,False,False,False,一般挽留客户
XX-10516,207,12,6999.81,1,3,4,False,True,True,重要保持客户
XX-10517,252,10,1502.99,1,1,1,False,False,False,一般挽留客户
XX-10518,89,13,1996.95,3,3,1,False,True,False,一般保持客户
XX-10519,41,11,4587.07,4,2,3,True,False,False,一般发展客户
XX-10520,63,13,8897.59,3,3,5,False,True,True,重要保持客户
XX-10521,12,7,649.7099999999999,5,1,1,True,False,False,一般发展客户
XX-10522,70,18,2190.87,3,5,1,False,True,False,一般保持客户
XX-10523,159,15,7800.91,2,4,5,False,True,True,重要保持客户
XX-10524,150,12,3380.9,2,3,2,False,True,False,一般保持客户
XX-10525,8,14,10194.21,5,4,5,True,True,True,重要价值客户
XX-10526,20,16,7610.63,5,5,5,True,True,True,重要价值客户
XX-10527,11,11,4931.52,5,2,3,True,False,False,一般发展客户
XX-10528,581,12,7568.299999999999,1,3,5,False,True,True,重要保持客户
XX-10529,141,12,4043.08,2,3,3,False,True,False,一般保持客户
XX-10530,46,14,3084.92,4,4,2,True,True,False,一般价值客户
XX-10531,18,19,7048.95,5,5,4,True,True,True,重要价值客户
XX-10532,40,15,3824.6400000000003,4,4,3,True,True,False,一般价值客户
XX-10533,52,11,8044.8,4,2,5,True,False,True,重要发展客户
XX-10534,152,15,5058.21,2,4,3,False,True,False,一般保持客户
XX-10535,72,17,3534.12,3,5,2,False,True,False,一般保持客户
XX-10536,71,17,3630.61,3,5,3,False,True,False,一般保持客户
XX-10537,162,10,2915.69,1,1,2,False,False,False,一般挽留客户
XX-10538,129,5,8045.549999999999,2,1,5,False,False,True,重要挽留客户
XX-10539,231,12,3363.48,1,3,2,False,True,False,一般保持客户
XX-10540,246,7,4927.06,1,1,3,False,False,False,一般挽留客户
XX-10541,3,13,5738.699999999999,5,3,4,True,True,True,重要价值客户
XX-10542,80,16,6543.41,3,5,4,False,True,True,重要保持客户
XX-10543,25,11,3557.7799999999997,5,2,2,True,False,False,一般发展客户
XX-10544,470,12,5710.15,1,3,4,False,True,True,重要保持客户
XX-10545,31,11,2958.66,4,2,2,True,False,False,一般发展客户
XX-10546,89,9,2143.2,3,1,1,False,False,False,一般挽留客户
XX-10547,25,11,1350.23,5,2,1,True,False,False,一般发展客户
XX-10548,168,12,1939.1200000000001,1,3,1,False,True,False,一般保持客户
XX-10549,144,8,5210.56,2,1,3,False,False,False,一般挽留客户
XX-10550,132,10,2753.69,2,1,2,False,False,False,一般挽留客户
XX-10551,236,12,4610.7300000000005,1,3,3,False,True,False,一般保持客户
XX-10552,168,19,2279.42,1,5,2,False,True,False,一般保持客户
XX-10553,9,16,4517.219999999999,5,5,3,True,True,False,一般价值客户
XX-10554,16,12,2251.69,5,3,2,True,True,False,一般价值客户
XX-10555,401,11,1074.05,1,2,1,False,False,False,一般挽留客户
XX-10556,166,9,2183.27,1,1,1,False,False,False,一般挽留客户
XX-10557,74,16,9955.53,3,5,5,False,True,True,重要保持客户
XX-10558,16,14,7796.77,5,4,5,True,True,True,重要价值客户
XX-10559,23,9,6167.08,5,1,4,True,False,True,重要发展客户
XX-10560,155,12,1560.54,2,3,1,False,True,False,一般保持客户
XX-10561,39,12,8359.42,4,3,5,True,True,True,重要价值客户
XX-10562,47,12,789.15,4,3,1,True,True,False,一般价值客户
XX-10563,97,10,5034.32,2,1,3,False,False,False,一般挽留客户
XX-10564,231,9,2314.17,1,1,2,False,False,False,一般挽留客户
XX-10565,121,13,2591.82,2,3,2,False,True,False,一般保持客户
XX-10566,165,11,2741.31,1,2,2,False,False,False,一般挽留客户
XX-10567,274,10,1795.5600000000002,1,1,1,False,False,False,一般挽留客户
XX-10568,167,9,6127.0199999999995,1,1,4,False,False,True,重要挽留客户
XX-10569,7,15,4110.56,5,4,3,True,True,False,一般价值客户
XX-10570,65,17,2909.2,3,5,2,False,True,False,一般保持客户
XX-10571,139,12,5606.139999999999,2,3,4,False,True,True,重要保持客户
XX-10572,296,10,4869.07,1,1,3,False,False,False,一般挽留客户
XX-10573,16,12,4808.69,5,3,3,True,True,False,一般价值客户
XX-10574,181,8,4941.79,1,1,3,False,False,False,一般挽留客户
XX-10575,431,11,3286.72,1,2,2,False,False,False,一般挽留客户
XX-10576,98,9,6932.21,2,1,4,False,False,True,重要挽留客户
XX-10577,31,13,5068.21,4,3,3,True,True,False,一般价值客户
XX-10578,41,13,14452.66,4,3,5,True,True,True,重要价值客户
XX-10579,64,7,3498.83,3,1,2,False,False,False,一般挽留客户
XX-10580,29,19,6278.06,4,5,4,True,True,True,重要价值客户
XX-10581,202,9,1220.95,1,1,1,False,False,False,一般挽留客户
XX-10582,10,17,5039.3,5,5,3,True,True,False,一般价值客户
XX-10583,176,13,1654.54,1,3,1,False,True,False,一般保持客户
XX-10584,35,15,10277.41,4,4,5,True,True,True,重要价值客户
XX-10585,218,14,2397.66,1,4,2,False,True,False,一般保持客户
XX-10586,169,13,4029.43,1,3,3,False,True,False,一般保持客户
XX-10587,51,13,5316.18,4,3,4,True,True,True,重要价值客户
XX-10588,187,12,9068.96,1,3,5,False,True,True,重要保持客户
XX-10589,125,11,2756.1,2,2,2,False,False,False,一般挽留客户
XX-10590,18,9,3164.69,5,1,2,True,False,False,一般发展客户
XX-10591,40,11,3109.7400000000002,4,2,2,True,False,False,一般发展客户
XX-10592,110,11,7974.78,2,2,5,False,False,True,重要挽留客户
XX-10593,115,15,7503.08,2,4,5,False,True,True,重要保持客户
XX-10594,45,16,10170.41,4,5,5,True,True,True,重要价值客户
XX-10595,463,11,5818.0599999999995,1,2,4,False,False,True,重要挽留客户
XX-10596,129,6,851.36,2,1,1,False,False,False,一般挽留客户
XX-10597,83,16,11870.789999999999,3,5,5,False,True,True,重要保持客户
XX-10598,219,8,3252.19,1,1,2,False,False,False,一般挽留客户
XX-10599,69,15,2427.3700000000003,3,4,2,False,True,False,一般保持客户
XX-10600,46,10,1771.02,4,1,1,True,False,False,一般发展客户
XX-10601,74,7,864.59,3,1,1,False,False,False,一般挽留客户
XX-10602,273,11,3158.9700000000003,1,2,2,False,False,False,一般挽留客户
XX-10603,98,18,3447.01,2,5,2,False,True,False,一般保持客户
XX-10604,124,9,705.41,2,1,1,False,False,False,一般挽留客户
XX-10605,48,14,5669.09,4,4,4,True,True,True,重要价值客户
XX-10606,74,12,2441.8300000000004,3,3,2,False,True,False,一般保持客户
XX-10607,114,10,3690.08,2,1,3,False,False,False,一般挽留客户
XX-10608,1,10,1305.31,5,1,1,True,False,False,一般发展客户
XX-10609,871,10,3434.88,1,1,2,False,False,False,一般挽留客户
XX-10610,85,15,10467.47,3,4,5,False,True,True,重要保持客户
XX-10611,17,12,5032.48,5,3,3,True,True,False,一般价值客户
XX-10612,79,12,1468.71,3,3,1,False,True,False,一般保持客户
XX-10613,15,15,4892.490000000001,5,4,3,True,True,False,一般价值客户
XX-10614,217,16,4162.31,1,5,3,False,True,False,一般保持客户
XX-10615,92,9,1001.02,3,1,1,False,False,False,一般挽留客户
XX-10616,13,11,2723.04,5,2,2,True,False,False,一般发展客户
XX-10617,41,13,4519.150000000001,4,3,3,True,True,False,一般价值客户
XX-10618,29,11,8492.11,4,2,5,True,False,True,重要发展客户
XX-10619,175,14,7064.180000000001,1,4,4,False,True,True,重要保持客户
XX-10620,281,14,9203.94,1,4,5,False,True,True,重要保持客户
XX-10621,27,14,2522.12,4,4,2,True,True,False,一般价值客户
XX-10622,151,12,2806.88,2,3,2,False,True,False,一般保持客户
XX-10623,124,15,3916.69,2,4,3,False,True,False,一般保持客户
XX-10624,2,16,3947.81,5,5,3,True,True,False,一般价值客户
XX-10625,50,11,5822.84,4,2,4,True,False,True,重要发展客户
XX-10626,31,11,3135.6099999999997,4,2,2,True,False,False,一般发展客户
XX-10627,10,19,15110.289999999999,5,5,5,True,True,True,重要价值客户
XX-10628,130,10,3906.75,2,1,3,False,False,False,一般挽留客户
XX-10629,36,11,3947.34,4,2,3,True,False,False,一般发展客户
XX-10630,34,11,3869.75,4,2,3,True,False,False,一般发展客户
XX-10631,156,13,2515.04,2,3,2,False,True,False,一般保持客户
XX-10632,177,12,10208.67,1,3,5,False,True,True,重要保持客户
XX-10633,107,10,8130.5599999999995,2,1,5,False,False,True,重要挽留客户
XX-10634,15,19,3402.1099999999997,5,5,2,True,True,False,一般价值客户
XX-10635,278,11,3085.4,1,2,2,False,False,False,一般挽留客户
XX-10636,10,15,8254.39,5,4,5,True,True,True,重要价值客户
XX-10637,451,11,2554.48,1,2,2,False,False,False,一般挽留客户
XX-10638,38,10,3903.34,4,1,3,True,False,False,一般发展客户
XX-10639,85,13,3391.91,3,3,2,False,True,False,一般保持客户
XX-10640,101,14,5266.33,2,4,4,False,True,True,重要保持客户
XX-10641,108,9,835.16,2,1,1,False,False,False,一般挽留客户
XX-10642,65,11,4071.78,3,2,3,False,False,False,一般挽留客户
XX-10643,224,7,1744.33,1,1,1,False,False,False,一般挽留客户
XX-10644,40,7,427.46999999999997,4,1,1,True,False,False,一般发展客户
XX-10645,8,10,2974.65,5,1,2,True,False,False,一般发展客户
XX-10646,51,12,4818.28,4,3,3,True,True,False,一般价值客户
XX-10647,610,4,73.13,1,1,1,False,False,False,一般挽留客户
XX-10648,63,13,5708.84,3,3,4,False,True,True,重要保持客户
XX-10649,121,9,3348.05,2,1,2,False,False,False,一般挽留客户
XX-10650,10,16,7478.36,5,5,4,True,True,True,重要价值客户
XX-10651,85,10,2947.0,3,1,2,False,False,False,一般挽留客户
XX-10652,33,15,8738.85,4,4,5,True,True,True,重要价值客户
XX-10653,71,17,4869.61,3,5,3,False,True,False,一般保持客户
XX-10654,124,12,6981.07,2,3,4,False,True,True,重要保持客户
XX-10655,276,11,2003.74,1,2,1,False,False,False,一般挽留客户
XX-10656,100,11,2838.7999999999997,2,2,2,False,False,False,一般挽留客户
XX-10657,52,9,1174.97,4,1,1,True,False,False,一般发展客户
XX-10658,54,18,2494.7,4,5,2,True,True,False,一般价值客户
XX-10659,151,11,2236.7200000000003,2,2,2,False,False,False,一般挽留客户
XX-10660,15,9,1412.44,5,1,1,True,False,False,一般发展客户
XX-10661,28,17,5052.89,4,5,3,True,True,False,一般价值客户
XX-10662,10,12,5534.42,5,3,4,True,True,True,重要价值客户
XX-10663,108,9,8796.93,2,1,5,False,False,True,重要挽留客户
XX-10664,373,13,8390.52,1,3,5,False,True,True,重要保持客户
XX-10665,36,16,3859.9700000000003,4,5,3,True,True,False,一般价值客户
XX-10666,152,11,1423.04,2,2,1,False,False,False,一般挽留客户
XX-10667,142,8,2073.6,2,1,1,False,False,False,一般挽留客户
XX-10668,113,12,5621.15,2,3,4,False,True,True,重要保持客户
XX-10669,80,15,3684.51,3,4,3,False,True,False,一般保持客户
XX-10670,11,13,6689.17,5,3,4,True,True,True,重要价值客户
XX-10671,377,9,4350.16,1,1,3,False,False,False,一般挽留客户
XX-10672,65,11,6407.8,3,2,4,False,False,True,重要挽留客户
XX-10673,165,8,913.8199999999999,1,1,1,False,False,False,一般挽留客户
XX-10674,269,9,6165.03,1,1,4,False,False,True,重要挽留客户
XX-10675,31,14,6795.889999999999,4,4,4,True,True,True,重要价值客户
XX-10676,87,10,2406.63,3,1,2,False,False,False,一般挽留客户
XX-10677,86,12,9905.8,3,3,5,False,True,True,重要保持客户
XX-10678,69,11,1094.3500000000001,3,2,1,False,False,False,一般挽留客户
XX-10679,4,7,1912.53,5,1,1,True,False,False,一般发展客户
XX-10680,151,17,5394.370000000001,2,5,4,False,True,True,重要保持客户
XX-10681,14,14,6109.49,5,4,4,True,True,True,重要价值客户
XX-10682,96,12,3159.41,2,3,2,False,True,False,一般保持客户
XX-10683,20,13,5433.04,5,3,4,True,True,True,重要价值客户
XX-10684,149,11,2324.39,2,2,2,False,False,False,一般挽留客户
XX-10685,94,13,8918.69,2,3,5,False,True,True,重要保持客户
XX-10686,139,11,8904.3,2,2,5,False,False,True,重要挽留客户
XX-10687,176,11,1808.3,1,2,1,False,False,False,一般挽留客户
XX-10688,63,14,6436.39,3,4,4,False,True,True,重要保持客户
XX-10689,157,9,2957.42,2,1,2,False,False,False,一般挽留客户
XX-10690,124,20,4958.2699999999995,2,5,3,False,True,False,一般保持客户
XX-10691,47,16,4619.25,4,5,3,True,True,False,一般价值客户
XX-10692,57,12,14944.02,3,3,5,False,True,True,重要保持客户
XX-10693,76,19,8910.210000000001,3,5,5,False,True,True,重要保持客户
XX-10694,144,8,1138.98,2,1,1,False,False,False,一般挽留客户
XX-10695,82,12,2693.72,3,3,2,False,True,False,一般保持客户
XX-10696,22,12,4723.06,5,3,3,True,True,False,一般价值客户
XX-10697,142,15,18371.399999999998,2,4,5,False,True,True,重要保持客户
XX-10698,113,11,1777.22,2,2,1,False,False,False,一般挽留客户
XX-10699,29,13,10977.92,4,3,5,True,True,True,重要价值客户
XX-10700,128,13,6531.15,2,3,4,False,True,True,重要保持客户
XX-10701,27,8,5438.15,4,1,4,True,False,True,重要发展客户
XX-10702,143,15,7066.86,2,4,4,False,True,True,重要保持客户
XX-10703,114,7,3466.75,2,1,2,False,False,False,一般挽留客户
XX-10704,193,9,1633.4299999999998,1,1,1,False,False,False,一般挽留客户
XX-10705,68,10,4228.81,3,1,3,False,False,False,一般挽留客户
XX-10706,62,12,5509.99,3,3,4,False,True,True,重要保持客户
XX-10707,157,13,6229.8,2,3,4,False,True,True,重要保持客户
XX-10708,208,12,11137.83,1,3,5,False,True,True,重要保持客户
XX-10709,15,15,3037.2000000000003,5,4,2,True,True,False,一般价值客户
XX-10710,410,11,1280.15,1,2,1,False,False,False,一般挽留客户
XX-10711,163,11,929.1500000000001,1,2,1,False,False,False,一般挽留客户
XX-10712,109,24,8790.46,2,5,5,False,True,True,重要保持客户
XX-10713,10,13,6456.59,5,3,4,True,True,True,重要价值客户
XX-10714,210,11,6605.5,1,2,4,False,False,True,重要挽留客户
XX-10715,151,12,2672.92,2,3,2,False,True,False,一般保持客户
XX-10716,80,6,1058.1100000000001,3,1,1,False,False,False,一般挽留客户
XX-10717,91,10,5571.57,3,1,4,False,False,True,重要挽留客户
XX-10718,178,11,1246.95,1,2,1,False,False,False,一般挽留客户
XX-10719,187,7,2715.0,1,1,2,False,False,False,一般挽留客户
XX-10720,51,15,2562.38,4,4,2,True,True,False,一般价值客户
XX-10721,80,16,4714.29,3,5,3,False,True,False,一般保持客户
XX-10722,106,10,10584.69,2,1,5,False,False,True,重要挽留客户
XX-10723,76,13,8685.98,3,3,5,False,True,True,重要保持客户
XX-10724,130,10,679.89,2,1,1,False,False,False,一般挽留客户
XX-10725,34,10,4994.54,4,1,3,True,False,False,一般发展客户
XX-10726,5,15,11492.710000000001,5,4,5,True,True,True,重要价值客户
XX-10727,3,14,2928.73,5,4,2,True,True,False,一般价值客户
XX-10728,242,15,8040.26,1,4,5,False,True,True,重要保持客户
XX-10729,2,19,4379.2699999999995,5,5,3,True,True,False,一般价值客户
XX-10730,81,13,2819.01,3,3,2,False,True,False,一般保持客户
XX-10731,50,17,11686.02,4,5,5,True,True,True,重要价值客户
XX-10732,47,17,5595.03,4,5,4,True,True,True,重要价值客户
XX-10733,5,16,4110.09,5,5,3,True,True,False,一般价值客户
XX-10734,141,11,1548.05,2,2,1,False,False,False,一般挽留客户
XX-10735,58,10,2297.43,3,1,2,False,False,False,一般挽留客户
XX-10736,38,8,2857.54,4,1,2,True,False,False,一般发展客户
XX-10737,50,11,2234.9,4,2,2,True,False,False,一般发展客户
XX-10738,26,13,4633.26,4,3,3,True,True,False,一般价值客户
XX-10739,30,8,3781.0499999999997,4,1,3,True,False,False,一般发展客户
XX-10740,56,18,8713.7,3,5,5,False,True,True,重要保持客户
XX-10741,119,9,8475.45,2,1,5,False,False,True,重要挽留客户
XX-10742,34,8,2987.09,4,1,2,True,False,False,一般发展客户
XX-10743,7,12,3476.93,5,3,2,True,True,False,一般价值客户
XX-10744,279,12,3188.47,1,3,2,False,True,False,一般保持客户
XX-10745,1,11,3696.4300000000003,5,2,3,True,False,False,一般发展客户
XX-10746,73,10,7095.55,3,1,4,False,False,True,重要挽留客户
XX-10747,49,17,4751.110000000001,4,5,3,True,True,False,一般价值客户
XX-10748,18,15,6057.09,5,4,4,True,True,True,重要价值客户
XX-10749,54,15,6384.7300000000005,4,4,4,True,True,True,重要价值客户
XX-10750,51,9,2525.76,4,1,2,True,False,False,一般发展客户
XX-10751,50,15,7277.5,4,4,4,True,True,True,重要价值客户
XX-10752,29,17,2814.9700000000003,4,5,2,True,True,False,一般价值客户
XX-10753,93,14,9592.92,3,4,5,False,True,True,重要保持客户
XX-10754,161,11,7506.5599999999995,2,2,5,False,False,True,重要挽留客户
XX-10755,145,11,3778.48,2,2,3,False,False,False,一般挽留客户
XX-10756,123,14,13732.869999999999,2,4,5,False,True,True,重要保持客户
XX-10757,1,17,6526.110000000001,5,5,4,True,True,True,重要价值客户
XX-10758,88,16,11010.630000000001,3,5,5,False,True,True,重要保持客户
XX-10759,146,10,3043.87,2,1,2,False,False,False,一般挽留客户
XX-10760,53,19,3119.5,4,5,2,True,True,False,一般价值客户
XX-10761,71,13,6575.39,3,3,4,False,True,True,重要保持客户
XX-10762,406,8,5421.41,1,1,4,False,False,True,重要挽留客户
XX-10763,206,11,13660.78,1,2,5,False,False,True,重要挽留客户
XX-10764,240,11,927.39,1,2,1,False,False,False,一般挽留客户
XX-10765,315,9,735.9300000000001,1,1,1,False,False,False,一般挽留客户
XX-10766,222,10,1256.71,1,1,1,False,False,False,一般挽留客户
XX-10767,76,10,885.07,3,1,1,False,False,False,一般挽留客户
XX-10768,151,14,7294.209999999999,2,4,4,False,True,True,重要保持客户
XX-10769,33,15,6287.78,4,4,4,True,True,True,重要价值客户
XX-10770,104,14,6901.87,2,4,4,False,True,True,重要保持客户
XX-10771,132,15,2175.4900000000002,2,4,1,False,True,False,一般保持客户
XX-10772,30,15,4518.25,4,4,3,True,True,False,一般价值客户
XX-10773,28,25,27528.03,4,5,5,True,True,True,重要价值客户
XX-10774,56,18,4548.81,3,5,3,False,True,False,一般保持客户
XX-10775,70,12,10561.23,3,3,5,False,True,True,重要保持客户
XX-10776,99,8,3277.73,2,1,2,False,False,False,一般挽留客户
XX-10777,95,15,19838.85,2,4,5,False,True,True,重要保持客户
XX-10778,67,12,6189.59,3,3,4,False,True,True,重要保持客户
XX-10779,23,17,4594.87,5,5,3,True,True,False,一般价值客户
XX-10780,24,11,3841.6099999999997,5,2,3,True,False,False,一般发展客户
XX-10781,33,11,4193.53,4,2,3,True,False,False,一般发展客户
XX-10782,21,15,6226.59,5,4,4,True,True,True,重要价值客户
XX-10783,57,11,1480.76,3,2,1,False,False,False,一般挽留客户
XX-10784,269,9,3567.4900000000002,1,1,2,False,False,False,一般挽留客户
XX-10785,86,15,6100.9400000000005,3,4,4,False,True,True,重要保持客户
XX-10786,68,20,2643.34,3,5,2,False,True,False,一般保持客户
XX-10787,233,13,4772.66,1,3,3,False,True,False,一般保持客户
XX-10788,88,6,601.9200000000001,3,1,1,False,False,False,一般挽留客户
XX-10789,55,10,1918.0900000000001,3,1,1,False,False,False,一般挽留客户
XX-10790,9,11,10952.17,5,2,5,True,False,True,重要发展客户
XX-10791,11,7,316.57,5,1,1,True,False,False,一般发展客户
XX-10792,28,13,4681.47,4,3,3,True,True,False,一般价值客户
XX-10793,71,11,2073.84,3,2,1,False,False,False,一般挽留客户
XX-10794,43,10,5604.299999999999,4,1,4,True,False,True,重要发展客户
XX-10795,84,13,3220.29,3,3,2,False,True,False,一般保持客户
XX-10796,6,10,3220.17,5,1,2,True,False,False,一般发展客户
XX-10797,87,18,4053.67,3,5,3,False,True,False,一般保持客户
XX-10798,108,17,2103.2999999999997,2,5,1,False,True,False,一般保持客户
XX-10799,27,16,7620.01,4,5,5,True,True,True,重要价值客户
